,ROE (%),Net Profit Margin (%),Revenue Growth (%)
t_stat,-7.162715164716201,-9.855727795194728,-1.4846315654100148
p_value,1.9116825103509165e-11,6.662043609753066e-20,0.15637019900937316
