,ROE (%),Net Profit Margin (%),Revenue Growth (%)
t_stat,-4.390911923897151,-5.89762336570495,0.13666618342830109
p_value,0.0006430574183970253,2.9892763843181006e-05,0.8942157886730568
